Workbook

Sheet Localities
A1: locality_id | B1: region_code | C1: state_code | D1: locality_code | E1: region_name_ar | F1: state_name_ar | G1: locality_name_ar | H1: state_name_en | I1: locality_name_en
A2: 1101 | B2: 1 | C2: 11 | D2: 01 | E2: الإقليم الشمالي | F2: الشمالية | G2: حلفا | H2: Northern | I2: Halfa
A3: 1102 | B3: 1 | C3: 11 | D3: 02 | E3: الإقليم الشمالي | F3: الشمالية | G3: دلقو | H3: Northern | I3: Delgo
A4: 1103 | B4: 1 | C4: 11 | D4: 03 | E4: الإقليم الشمالي | F4: الشمالية | G4: البرقيق | H4: Northern | I4: Al Burgaig
A5: 1104 | B5: 1 | C5: 11 | D5: 04 | E5: الإقليم الشمالي | F5: الشمالية | G5: دنقلا | H5: Northern | I5: Dongola
A6: 1105 | B6: 1 | C6: 11 | D6: 05 | E6: الإقليم الشمالي | F6: الشمالية | G6: القولد | H6: Northern | I6: Al Golid
A7: 1106 | B7: 1 | C7: 11 | D7: 06 | E7: الإقليم الشمالي | F7: الشمالية | G7: الدبة | H7: Northern | I7: Ad Dabbah
A8: 1107 | B8: 1 | C8: 11 | D8: 07 | E8: الإقليم الشمالي | F8: الشمالية | G8: مروي | H8: Northern | I8: Merowe
A9: 1201 | B9: 1 | C9: 12 | D9: 01 | E9: الإقليم الشمالي | F9: نهر النيل | G9: أبو حمد | H9: River Nile | I9: Abu Hamad
A10: 1202 | B10: 1 | C10: 12 | D10: 02 | E10: الإقليم الشمالي | F10: نهر النيل | G10: بربر | H10: River Nile | I10: Berber
A11: 1203 | B11: 1 | C11: 12 | D11: 03 | E11: الإقليم الشمالي | F11: نهر النيل | G11: عطبرة | H11: River Nile | I11: Atbara
A12: 1204 | B12: 1 | C12: 12 | D12: 04 | E12: الإقليم الشمالي | F12: نهر النيل | G12: الدامر | H12: River Nile | I12: Ad Damer
... A136: 6312 | B136: 6 | C136: 63 | D136: 12 | E136: إقليم دارفور | F136: جنوب دارفور | G136: بحر العرب | H136: South Darfur | I136: Bahr al Arab

Sheet States
A1: state_id | B1: region_code | C1: state_code | D1: region_name_ar | E1: state_name_ar | F1: state_name_en | G1: locality_count
A2: 01 | B2: 1 | C2: 11 | D2: الإقليم الشمالي | E2: الشمالية | F2: Northern | G2: =COUNTIF(Localities!$C$2:$C$215,C2) -> 7
A3: 02 | B3: 1 | C3: 12 | D3: الإقليم الشمالي | E3: نهر النيل | F3: River Nile | G3: =COUNTIF(Localities!$C$2:$C$215,C3) -> 6
A4: 03 | B4: 2 | C4: 21 | D4: الإقليم الشرقي | E4: البحر الأحمر | F4: Red Sea | G4: =COUNTIF(Localities!$C$2:$C$215,C4) -> 8
A5: 04 | B5: 2 | C5: 22 | D5: الإقليم الشرقي | E5: كسلا | F5: Kassala | G5: =COUNTIF(Localities!$C$2:$C$215,C5) -> 11
A6: 05 | B6: 2 | C6: 23 | D6: الإقليم الشرقي | E6: القضارف | F6: Gedaref | G6: =COUNTIF(Localities!$C$2:$C$215,C6) -> 11
A7: 06 | B7: 3 | C7: 31 | D7: الخرطوم | E7: الخرطوم | F7: Khartoum | G7: =COUNTIF(Localities!$C$2:$C$215,C7) -> 7
A8: 07 | B8: 4 | C8: 41 | D8: الإقليم الأوسط | E8: الجزيرة | F8: Gezira | G8: =COUNTIF(Localities!$C$2:$C$215,C8) -> 7
A9: 08 | B9: 4 | C9: 42 | D9: الإقليم الأوسط | E9: النيل الأبيض | F9: White Nile | G9: =COUNTIF(Localities!$C$2:$C$215,C9) -> 8
A10: 09 | B10: 4 | C10: 43 | D10: الإقليم الأوسط | E10: سنار | F10: Sennar | G10: =COUNTIF(Localities!$C$2:$C$215,C10) -> 7
A11: 10 | B11: 4 | C11: 44 | D11: الإقليم الأوسط | E11: النيل الأزرق | F11: Blue Nile | G11: =COUNTIF(Localities!$C$2:$C$215,C11) -> 6
A12: 11 | B12: 5 | C12: 51 | D12: إقليم كردفان | E12: شمال كردفان | F12: North Kordofan | G12: =COUNTIF(Localities!$C$2:$C$215,C12) -> 9
A13: 12 | B13: 5 | C13: 52 | D13: إقليم كردفان | E13: جنوب كردفان | F13: South Kordofan | G13: =COUNTIF(Localities!$C$2:$C$215,C13) -> 9
... A26: 25 | B26: 9 | C26: 93 | D26: إقليم الاستوائية | E26: غرب الاستوائية | F26: West Equatoria | G26: =COUNTIF(Localities!$C$2:$C$215,C26) -> 0
F27: TOTAL | G27: =SUM(G2:G26) -> 135

Sheet Regions
A1: region_code | B1: region_name_ar | C1: region_name_en | D1: state_count | E1: locality_count
A2: 1 | B2: الإقليم الشمالي | C2: Northern Region | D2: =COUNTIF(States!$B$2:$B$26,A2) -> 2 | E2: =COUNTIF(Localities!$B$2:$B$215,A2) -> 13
A3: 2 | B3: الإقليم الشرقي | C3: Eastern Region | D3: =COUNTIF(States!$B$2:$B$26,A3) -> 3 | E3: =COUNTIF(Localities!$B$2:$B$215,A3) -> 30
A4: 3 | B4: الخرطوم | C4: Khartoum | D4: =COUNTIF(States!$B$2:$B$26,A4) -> 1 | E4: =COUNTIF(Localities!$B$2:$B$215,A4) -> 7
A5: 4 | B5: الإقليم الأوسط | C5: Central Region | D5: =COUNTIF(States!$B$2:$B$26,A5) -> 4 | E5: =COUNTIF(Localities!$B$2:$B$215,A5) -> 28
A6: 5 | B6: إقليم كردفان | C6: Kordofan Region | D6: =COUNTIF(States!$B$2:$B$26,A6) -> 2 | E6: =COUNTIF(Localities!$B$2:$B$215,A6) -> 18
A7: 6 | B7: إقليم دارفور | C7: Darfur Region | D7: =COUNTIF(States!$B$2:$B$26,A7) -> 3 | E7: =COUNTIF(Localities!$B$2:$B$215,A7) -> 39
A8: 7 | B8: إقليم أعالي النيل | C8: Upper Nile Region | D8: =COUNTIF(States!$B$2:$B$26,A8) -> 3 | E8: =COUNTIF(Localities!$B$2:$B$215,A8) -> 0
A9: 8 | B9: إقليم بحر الغزال | C9: Bahr el Ghazal Region | D9: =COUNTIF(States!$B$2:$B$26,A9) -> 4 | E9: =COUNTIF(Localities!$B$2:$B$215,A9) -> 0
A10: 9 | B10: إقليم الاستوائية | C10: Equatoria Region | D10: =COUNTIF(States!$B$2:$B$26,A10) -> 3 | E10: =COUNTIF(Localities!$B$2:$B$215,A10) -> 0
C11: TOTAL | D11: =SUM(D2:D10) -> 25 | E11: =SUM(E2:E10) -> 135

Sheet README
A1: SOURCE
A2: Transcribed from two photographed pages of a Sudanese population-census code list
A3: (قائمة الرموز - الأقاليم/الولايات/المحليات/المقاطعات، تعداد السكان الخامس).
A4: The photographs are the sole authority for this workbook. Nothing was added from
A5: outside them except the English name column and the confidence flags.
A7: STRUCTURE
A8: Regions -> States -> Localities. 9 regions, 25 states, 214 localities.
A9: locality_id is the concatenated source code: region digit + state digit + 2-digit locality.
A10: Example: 4401 = region 4 (Central) / state 4 (Blue Nile) / locality 01 (Ar Roseires).
A11: locality_id is unique and stable and is the recommended primary key.
A13: CONFIDENCE COLUMN - READ BEFORE SHIPPING
A14: High = printed text is unambiguous in the photograph.
... A39: administrative divisions the system is required to use before building on this.
